id,keyword,value
10001,50001,0
10002,50001,0
10003,50001,0
10004,50001,0
10005,50001,0
10006,50001,1
10007,50001,0
10008,50001,1
10009,50001,0
10010,50001,0
10011,50001,0
10012,50001,0
10013,50001,0
10014,50001,0
10015,50001,0
10016,50001,1
10017,50001,0
10018,50001,0
10019,50001,0
10020,50001,0
10021,50001,0
10022,50001,0
10023,50001,0
10024,50001,0
10025,50001,0
10026,50001,0
10027,50001,0
10028,50001,0
10029,50001,1
10030,50001,0
10031,50001,0
10032,50001,0
10033,50001,0
10034,50001,0
10035,50001,0
10036,50001,1
10037,50001,0
10038,50001,0
10039,50001,0
10040,50001,0
10041,50001,0
10042,50001,0
10043,50001,0
10044,50001,0
10045,50001,0
10046,50001,0
10047,50001,0
10048,50001,1
10049,50001,0
10050,50001,0
10051,50001,0
10052,50001,1
10053,50001,0
10054,50001,0
10055,50001,0
10056,50001,0
10057,50001,0
10058,50001,0
10059,50001,0
10060,50001,0
10061,50001,0
10062,50001,0
10063,50001,0
10064,50001,1
10065,50001,0
10066,50001,0
10067,50001,0
10068,50001,0
10069,50001,0
10070,50001,0
10071,50001,0
10072,50001,0
10073,50001,0
10074,50001,0
10075,50001,0
10076,50001,0
10077,50001,0
10078,50001,0
10079,50001,0
10080,50001,0
10081,50001,0
10082,50001,0
10083,50001,0
10084,50001,0
10085,50001,0
10086,50001,0
10087,50001,0
10088,50001,0
10089,50001,0
10090,50001,0
10091,50001,0
10092,50001,0
10093,50001,0
10094,50001,1
10095,50001,0
10096,50001,0
10097,50001,0
10098,50001,0
10099,50001,0
10100,50001,0
10101,50001,0
10102,50001,0
10103,50001,0
10104,50001,0
10105,50001,0
10106,50001,0
10107,50001,0
10108,50001,0
10109,50001,0
10110,50001,0
10111,50001,0
10112,50001,0
10113,50001,0
10114,50001,1
10115,50001,0
10116,50001,0
10117,50001,1
10118,50001,0
10119,50001,0
10120,50001,0
10121,50001,0
10122,50001,0
10123,50001,0
10124,50001,1
10125,50001,1
10126,50001,0
10127,50001,0
10128,50001,0
10129,50001,0
10130,50001,0
10131,50001,0
10132,50001,0
10133,50001,0
10134,50001,0
10135,50001,0
10136,50001,0
10137,50001,0
10138,50001,0
10139,50001,0
10140,50001,0
10141,50001,0
10142,50001,0
10143,50001,0
10144,50001,0
10145,50001,0
10146,50001,1
10147,50001,0
10148,50001,0
10149,50001,0
10150,50001,0
10151,50001,0
10152,50001,0
10153,50001,0
10154,50001,0
10155,50001,0
10156,50001,0
10157,50001,0
10158,50001,0
10159,50001,0
10160,50001,0
10161,50001,0
10162,50001,0
10163,50001,0
10164,50001,0
10165,50001,0
10166,50001,0
10167,50001,0
10168,50001,0
10169,50001,0
10170,50001,0
10171,50001,0
10172,50001,0
10173,50001,0
10174,50001,0
10175,50001,0
10176,50001,0
10177,50001,0
10178,50001,0
10179,50001,0
10180,50001,0
10181,50001,0
10182,50001,0
10183,50001,0
10184,50001,0
10185,50001,0
10186,50001,1
10187,50001,0
10188,50001,0
10189,50001,0
10190,50001,0
10191,50001,0
10192,50001,0
10193,50001,0
10194,50001,0
10195,50001,0
10196,50001,0
10001,50002,0
10002,50002,0
10003,50002,1
10004,50002,1
10005,50002,1
10006,50002,0
10007,50002,1
10008,50002,0
10009,50002,0
10010,50002,1
10011,50002,1
10012,50002,1
10013,50002,1
10014,50002,0
10015,50002,0
10016,50002,0
10017,50002,0
10018,50002,0
10019,50002,0
10020,50002,1
10021,50002,0
10022,50002,0
10023,50002,1
10024,50002,1
10025,50002,1
10026,50002,0
10027,50002,1
10028,50002,1
10029,50002,0
10030,50002,0
10031,50002,0
10032,50002,1
10033,50002,1
10034,50002,1
10035,50002,1
10036,50002,0
10037,50002,0
10038,50002,1
10039,50002,1
10040,50002,0
10041,50002,1
10042,50002,0
10043,50002,1
10044,50002,1
10045,50002,1
10046,50002,0
10047,50002,1
10048,50002,0
10049,50002,1
10050,50002,1
10051,50002,1
10052,50002,0
10053,50002,0
10054,50002,0
10055,50002,0
10056,50002,0
10057,50002,1
10058,50002,0
10059,50002,0
10060,50002,1
10061,50002,1
10062,50002,0
10063,50002,1
10064,50002,0
10065,50002,1
10066,50002,1
10067,50002,0
10068,50002,0
10069,50002,1
10070,50002,1
10071,50002,1
10072,50002,0
10073,50002,1
10074,50002,1
10075,50002,1
10076,50002,0
10077,50002,1
10078,50002,1
10079,50002,1
10080,50002,1
10081,50002,1
10082,50002,1
10083,50002,1
10084,50002,1
10085,50002,1
10086,50002,1
10087,50002,1
10088,50002,1
10089,50002,1
10090,50002,1
10091,50002,1
10092,50002,1
10093,50002,1
10094,50002,0
10095,50002,0
10096,50002,0
10097,50002,1
10098,50002,0
10099,50002,1
10100,50002,0
10101,50002,1
10102,50002,0
10103,50002,1
10104,50002,1
10105,50002,1
10106,50002,1
10107,50002,1
10108,50002,1
10109,50002,1
10110,50002,1
10111,50002,0
10112,50002,0
10113,50002,0
10114,50002,0
10115,50002,0
10116,50002,1
10117,50002,0
10118,50002,1
10119,50002,1
10120,50002,0
10121,50002,1
10122,50002,1
10123,50002,1
10124,50002,0
10125,50002,0
10126,50002,0
10127,50002,1
10128,50002,1
10129,50002,1
10130,50002,1
10131,50002,1
10132,50002,1
10133,50002,1
10134,50002,1
10135,50002,0
10136,50002,0
10137,50002,1
10138,50002,1
10139,50002,0
10140,50002,1
10141,50002,0
10142,50002,1
10143,50002,1
10144,50002,0
10145,50002,1
10146,50002,0
10147,50002,0
10148,50002,0
10149,50002,1
10150,50002,1
10151,50002,0
10152,50002,1
10153,50002,0
10154,50002,1
10155,50002,1
10156,50002,1
10157,50002,0
10158,50002,1
10159,50002,0
10160,50002,1
10161,50002,1
10162,50002,1
10163,50002,1
10164,50002,0
10165,50002,0
10166,50002,0
10167,50002,1
10168,50002,0
10169,50002,0
10170,50002,0
10171,50002,0
10172,50002,0
10173,50002,0
10174,50002,0
10175,50002,1
10176,50002,0
10177,50002,1
10178,50002,0
10179,50002,1
10180,50002,0
10181,50002,1
10182,50002,1
10183,50002,1
10184,50002,1
10185,50002,0
10186,50002,0
10187,50002,1
10188,50002,0
10189,50002,0
10190,50002,0
10191,50002,0
10192,50002,1
10193,50002,0
10194,50002,1
10195,50002,0
10196,50002,0
10001,50003,0
10002,50003,0
10003,50003,0
10004,50003,0
10005,50003,0
10006,50003,0
10007,50003,0
10008,50003,0
10009,50003,0
10010,50003,0
10011,50003,0
10012,50003,0
10013,50003,0
10014,50003,0
10015,50003,0
10016,50003,0
10017,50003,1
10018,50003,1
10019,50003,1
10020,50003,0
10021,50003,1
10022,50003,1
10023,50003,0
10024,50003,0
10025,50003,0
10026,50003,0
10027,50003,0
10028,50003,0
10029,50003,0
10030,50003,1
10031,50003,1
10032,50003,0
10033,50003,0
10034,50003,0
10035,50003,0
10036,50003,0
10037,50003,1
10038,50003,0
10039,50003,0
10040,50003,1
10041,50003,0
10042,50003,1
10043,50003,0
10044,50003,0
10045,50003,0
10046,50003,0
10047,50003,0
10048,50003,0
10049,50003,0
10050,50003,0
10051,50003,0
10052,50003,0
10053,50003,1
10054,50003,1
10055,50003,0
10056,50003,0
10057,50003,0
10058,50003,0
10059,50003,0
10060,50003,0
10061,50003,0
10062,50003,0
10063,50003,0
10064,50003,0
10065,50003,0
10066,50003,0
10067,50003,1
10068,50003,0
10069,50003,0
10070,50003,0
10071,50003,0
10072,50003,0
10073,50003,0
10074,50003,0
10075,50003,0
10076,50003,1
10077,50003,0
10078,50003,0
10079,50003,0
10080,50003,0
10081,50003,0
10082,50003,0
10083,50003,0
10084,50003,0
10085,50003,0
10086,50003,0
10087,50003,0
10088,50003,0
10089,50003,0
10090,50003,0
10091,50003,0
10092,50003,0
10093,50003,0
10094,50003,0
10095,50003,1
10096,50003,1
10097,50003,0
10098,50003,0
10099,50003,0
10100,50003,1
10101,50003,0
10102,50003,0
10103,50003,0
10104,50003,0
10105,50003,0
10106,50003,0
10107,50003,0
10108,50003,0
10109,50003,0
10110,50003,0
10111,50003,1
10112,50003,1
10113,50003,1
10114,50003,0
10115,50003,1
10116,50003,0
10117,50003,0
10118,50003,0
10119,50003,0
10120,50003,0
10121,50003,0
10122,50003,0
10123,50003,0
10124,50003,0
10125,50003,0
10126,50003,1
10127,50003,0
10128,50003,0
10129,50003,0
10130,50003,0
10131,50003,0
10132,50003,0
10133,50003,0
10134,50003,0
10135,50003,1
10136,50003,1
10137,50003,0
10138,50003,0
10139,50003,1
10140,50003,0
10141,50003,1
10142,50003,0
10143,50003,0
10144,50003,0
10145,50003,0
10146,50003,0
10147,50003,1
10148,50003,1
10149,50003,0
10150,50003,0
10151,50003,0
10152,50003,0
10153,50003,0
10154,50003,0
10155,50003,0
10156,50003,0
10157,50003,0
10158,50003,0
10159,50003,1
10160,50003,0
10161,50003,0
10162,50003,0
10163,50003,0
10164,50003,0
10165,50003,1
10166,50003,0
10167,50003,0
10168,50003,0
10169,50003,1
10170,50003,1
10171,50003,0
10172,50003,1
10173,50003,1
10174,50003,1
10175,50003,0
10176,50003,0
10177,50003,0
10178,50003,1
10179,50003,0
10180,50003,1
10181,50003,0
10182,50003,0
10183,50003,0
10184,50003,0
10185,50003,0
10186,50003,0
10187,50003,0
10188,50003,1
10189,50003,1
10190,50003,1
10191,50003,1
10192,50003,0
10193,50003,1
10194,50003,0
10195,50003,1
10196,50003,0
10001,50004,0
10002,50004,0
10003,50004,0
10004,50004,0
10005,50004,0
10006,50004,0
10007,50004,0
10008,50004,0
10009,50004,0
10010,50004,0
10011,50004,1
10012,50004,0
10013,50004,0
10014,50004,0
10015,50004,0
10016,50004,0
10017,50004,0
10018,50004,0
10019,50004,0
10020,50004,0
10021,50004,0
10022,50004,0
10023,50004,0
10024,50004,0
10025,50004,0
10026,50004,0
10027,50004,0
10028,50004,0
10029,50004,0
10030,50004,0
10031,50004,0
10032,50004,0
10033,50004,0
10034,50004,0
10035,50004,0
10036,50004,0
10037,50004,0
10038,50004,0
10039,50004,0
10040,50004,0
10041,50004,0
10042,50004,0
10043,50004,0
10044,50004,0
10045,50004,0
10046,50004,0
10047,50004,0
10048,50004,0
10049,50004,0
10050,50004,0
10051,50004,0
10052,50004,1
10053,50004,0
10054,50004,0
10055,50004,0
10056,50004,0
10057,50004,0
10058,50004,0
10059,50004,0
10060,50004,0
10061,50004,0
10062,50004,0
10063,50004,0
10064,50004,0
10065,50004,0
10066,50004,0
10067,50004,0
10068,50004,0
10069,50004,0
10070,50004,0
10071,50004,0
10072,50004,0
10073,50004,0
10074,50004,0
10075,50004,0
10076,50004,0
10077,50004,0
10078,50004,0
10079,50004,0
10080,50004,0
10081,50004,0
10082,50004,0
10083,50004,0
10084,50004,0
10085,50004,0
10086,50004,0
10087,50004,0
10088,50004,0
10089,50004,0
10090,50004,0
10091,50004,0
10092,50004,0
10093,50004,0
10094,50004,0
10095,50004,0
10096,50004,0
10097,50004,0
10098,50004,0
10099,50004,0
10100,50004,0
10101,50004,0
10102,50004,0
10103,50004,0
10104,50004,0
10105,50004,0
10106,50004,0
10107,50004,0
10108,50004,0
10109,50004,0
10110,50004,0
10111,50004,0
10112,50004,0
10113,50004,0
10114,50004,0
10115,50004,0
10116,50004,0
10117,50004,0
10118,50004,0
10119,50004,0
10120,50004,0
10121,50004,0
10122,50004,0
10123,50004,0
10124,50004,1
10125,50004,0
10126,50004,0
10127,50004,0
10128,50004,0
10129,50004,0
10130,50004,0
10131,50004,0
10132,50004,0
10133,50004,0
10134,50004,0
10135,50004,0
10136,50004,0
10137,50004,0
10138,50004,0
10139,50004,0
10140,50004,0
10141,50004,0
10142,50004,0
10143,50004,0
10144,50004,0
10145,50004,0
10146,50004,0
10147,50004,0
10148,50004,0
10149,50004,0
10150,50004,0
10151,50004,0
10152,50004,0
10153,50004,0
10154,50004,0
10155,50004,0
10156,50004,0
10157,50004,0
10158,50004,0
10159,50004,0
10160,50004,0
10161,50004,0
10162,50004,0
10163,50004,0
10164,50004,0
10165,50004,0
10166,50004,0
10167,50004,0
10168,50004,0
10169,50004,0
10170,50004,0
10171,50004,0
10172,50004,0
10173,50004,0
10174,50004,0
10175,50004,0
10176,50004,0
10177,50004,1
10178,50004,0
10179,50004,0
10180,50004,0
10181,50004,0
10182,50004,0
10183,50004,0
10184,50004,0
10185,50004,0
10186,50004,0
10187,50004,0
10188,50004,0
10189,50004,0
10190,50004,0
10191,50004,0
10192,50004,0
10193,50004,0
10194,50004,0
10195,50004,0
10196,50004,0
10001,50005,0
10002,50005,0
10003,50005,0
10004,50005,0
10005,50005,0
10006,50005,0
10007,50005,1
10008,50005,0
10009,50005,0
10010,50005,0
10011,50005,0
10012,50005,0
10013,50005,0
10014,50005,0
10015,50005,0
10016,50005,0
10017,50005,0
10018,50005,0
10019,50005,0
10020,50005,0
10021,50005,0
10022,50005,0
10023,50005,0
10024,50005,0
10025,50005,0
10026,50005,0
10027,50005,0
10028,50005,1
10029,50005,0
10030,50005,0
10031,50005,0
10032,50005,0
10033,50005,0
10034,50005,0
10035,50005,0
10036,50005,0
10037,50005,0
10038,50005,0
10039,50005,0
10040,50005,0
10041,50005,0
10042,50005,0
10043,50005,1
10044,50005,0
10045,50005,0
10046,50005,0
10047,50005,1
10048,50005,0
10049,50005,0
10050,50005,0
10051,50005,0
10052,50005,0
10053,50005,0
10054,50005,0
10055,50005,0
10056,50005,0
10057,50005,0
10058,50005,0
10059,50005,0
10060,50005,0
10061,50005,0
10062,50005,0
10063,50005,0
10064,50005,0
10065,50005,0
10066,50005,0
10067,50005,0
10068,50005,0
10069,50005,0
10070,50005,0
10071,50005,0
10072,50005,0
10073,50005,0
10074,50005,0
10075,50005,0
10076,50005,0
10077,50005,1
10078,50005,0
10079,50005,0
10080,50005,0
10081,50005,0
10082,50005,0
10083,50005,0
10084,50005,0
10085,50005,0
10086,50005,0
10087,50005,0
10088,50005,0
10089,50005,0
10090,50005,0
10091,50005,0
10092,50005,0
10093,50005,0
10094,50005,0
10095,50005,0
10096,50005,0
10097,50005,0
10098,50005,0
10099,50005,0
10100,50005,0
10101,50005,0
10102,50005,0
10103,50005,0
10104,50005,0
10105,50005,0
10106,50005,1
10107,50005,0
10108,50005,0
10109,50005,0
10110,50005,0
10111,50005,0
10112,50005,0
10113,50005,0
10114,50005,0
10115,50005,0
10116,50005,0
10117,50005,1
10118,50005,1
10119,50005,0
10120,50005,0
10121,50005,0
10122,50005,0
10123,50005,1
10124,50005,0
10125,50005,0
10126,50005,0
10127,50005,0
10128,50005,0
10129,50005,0
10130,50005,0
10131,50005,0
10132,50005,0
10133,50005,1
10134,50005,0
10135,50005,0
10136,50005,0
10137,50005,0
10138,50005,0
10139,50005,0
10140,50005,0
10141,50005,0
10142,50005,0
10143,50005,0
10144,50005,0
10145,50005,0
10146,50005,0
10147,50005,0
10148,50005,0
10149,50005,0
10150,50005,0
10151,50005,0
10152,50005,0
10153,50005,0
10154,50005,0
10155,50005,0
10156,50005,0
10157,50005,0
10158,50005,0
10159,50005,0
10160,50005,0
10161,50005,0
10162,50005,0
10163,50005,0
10164,50005,0
10165,50005,0
10166,50005,0
10167,50005,0
10168,50005,0
10169,50005,0
10170,50005,0
10171,50005,0
10172,50005,0
10173,50005,0
10174,50005,0
10175,50005,0
10176,50005,0
10177,50005,0
10178,50005,0
10179,50005,1
10180,50005,0
10181,50005,1
10182,50005,1
10183,50005,0
10184,50005,0
10185,50005,0
10186,50005,1
10187,50005,0
10188,50005,0
10189,50005,0
10190,50005,0
10191,50005,0
10192,50005,0
10193,50005,0
10194,50005,0
10195,50005,0
10196,50005,0
10001,50006,0
10002,50006,0
10003,50006,1
10004,50006,1
10005,50006,1
10006,50006,1
10007,50006,0
10008,50006,1
10009,50006,0
10010,50006,1
10011,50006,0
10012,50006,1
10013,50006,1
10014,50006,0
10015,50006,0
10016,50006,1
10017,50006,1
10018,50006,1
10019,50006,1
10020,50006,1
10021,50006,1
10022,50006,1
10023,50006,1
10024,50006,1
10025,50006,1
10026,50006,0
10027,50006,1
10028,50006,0
10029,50006,1
10030,50006,1
10031,50006,1
10032,50006,1
10033,50006,1
10034,50006,1
10035,50006,1
10036,50006,1
10037,50006,1
10038,50006,1
10039,50006,1
10040,50006,1
10041,50006,1
10042,50006,1
10043,50006,0
10044,50006,1
10045,50006,1
10046,50006,0
10047,50006,0
10048,50006,1
10049,50006,1
10050,50006,1
10051,50006,1
10052,50006,0
10053,50006,1
10054,50006,1
10055,50006,0
10056,50006,0
10057,50006,1
10058,50006,0
10059,50006,0
10060,50006,1
10061,50006,1
10062,50006,0
10063,50006,1
10064,50006,1
10065,50006,1
10066,50006,1
10067,50006,1
10068,50006,0
10069,50006,1
10070,50006,1
10071,50006,1
10072,50006,0
10073,50006,1
10074,50006,1
10075,50006,1
10076,50006,1
10077,50006,0
10078,50006,1
10079,50006,1
10080,50006,1
10081,50006,1
10082,50006,1
10083,50006,1
10084,50006,1
10085,50006,1
10086,50006,1
10087,50006,1
10088,50006,1
10089,50006,1
10090,50006,1
10091,50006,1
10092,50006,1
10093,50006,1
10094,50006,1
10095,50006,1
10096,50006,1
10097,50006,1
10098,50006,0
10099,50006,1
10100,50006,1
10101,50006,1
10102,50006,0
10103,50006,1
10104,50006,1
10105,50006,1
10106,50006,0
10107,50006,1
10108,50006,1
10109,50006,1
10110,50006,1
10111,50006,1
10112,50006,1
10113,50006,1
10114,50006,1
10115,50006,1
10116,50006,1
10117,50006,0
10118,50006,0
10119,50006,1
10120,50006,0
10121,50006,1
10122,50006,1
10123,50006,0
10124,50006,0
10125,50006,1
10126,50006,1
10127,50006,1
10128,50006,1
10129,50006,1
10130,50006,1
10131,50006,1
10132,50006,1
10133,50006,0
10134,50006,1
10135,50006,1
10136,50006,1
10137,50006,1
10138,50006,1
10139,50006,1
10140,50006,1
10141,50006,1
10142,50006,1
10143,50006,1
10144,50006,0
10145,50006,1
10146,50006,1
10147,50006,1
10148,50006,1
10149,50006,1
10150,50006,1
10151,50006,0
10152,50006,1
10153,50006,0
10154,50006,1
10155,50006,1
10156,50006,1
10157,50006,0
10158,50006,1
10159,50006,1
10160,50006,1
10161,50006,1
10162,50006,1
10163,50006,1
10164,50006,0
10165,50006,1
10166,50006,0
10167,50006,1
10168,50006,0
10169,50006,1
10170,50006,1
10171,50006,0
10172,50006,1
10173,50006,1
10174,50006,1
10175,50006,1
10176,50006,0
10177,50006,0
10178,50006,1
10179,50006,0
10180,50006,1
10181,50006,0
10182,50006,0
10183,50006,1
10184,50006,1
10185,50006,0
10186,50006,0
10187,50006,1
10188,50006,1
10189,50006,1
10190,50006,1
10191,50006,1
10192,50006,1
10193,50006,1
10194,50006,1
10195,50006,1
10196,50006,0
10001,50007,0
10002,50007,0
10003,50007,1
10004,50007,0
10005,50007,0
10006,50007,1
10007,50007,1
10008,50007,0
10009,50007,0
10010,50007,0
10011,50007,0
10012,50007,0
10013,50007,0
10014,50007,0
10015,50007,0
10016,50007,0
10017,50007,1
10018,50007,0
10019,50007,0
10020,50007,1
10021,50007,0
10022,50007,1
10023,50007,0
10024,50007,0
10025,50007,0
10026,50007,0
10027,50007,0
10028,50007,0
10029,50007,1
10030,50007,0
10031,50007,1
10032,50007,0
10033,50007,0
10034,50007,1
10035,50007,0
10036,50007,1
10037,50007,1
10038,50007,1
10039,50007,1
10040,50007,1
10041,50007,1
10042,50007,0
10043,50007,1
10044,50007,1
10045,50007,1
10046,50007,0
10047,50007,0
10048,50007,0
10049,50007,1
10050,50007,1
10051,50007,0
10052,50007,0
10053,50007,0
10054,50007,1
10055,50007,0
10056,50007,0
10057,50007,0
10058,50007,0
10059,50007,0
10060,50007,0
10061,50007,1
10062,50007,0
10063,50007,0
10064,50007,1
10065,50007,1
10066,50007,0
10067,50007,1
10068,50007,0
10069,50007,1
10070,50007,0
10071,50007,0
10072,50007,0
10073,50007,1
10074,50007,0
10075,50007,1
10076,50007,0
10077,50007,1
10078,50007,1
10079,50007,1
10080,50007,1
10081,50007,1
10082,50007,0
10083,50007,0
10084,50007,0
10085,50007,0
10086,50007,0
10087,50007,1
10088,50007,0
10089,50007,1
10090,50007,0
10091,50007,1
10092,50007,0
10093,50007,0
10094,50007,0
10095,50007,0
10096,50007,0
10097,50007,0
10098,50007,0
10099,50007,0
10100,50007,0
10101,50007,1
10102,50007,0
10103,50007,1
10104,50007,0
10105,50007,1
10106,50007,0
10107,50007,0
10108,50007,1
10109,50007,0
10110,50007,1
10111,50007,1
10112,50007,0
10113,50007,1
10114,50007,0
10115,50007,0
10116,50007,0
10117,50007,0
10118,50007,1
10119,50007,1
10120,50007,0
10121,50007,1
10122,50007,1
10123,50007,0
10124,50007,0
10125,50007,0
10126,50007,0
10127,50007,0
10128,50007,0
10129,50007,1
10130,50007,0
10131,50007,0
10132,50007,0
10133,50007,0
10134,50007,0
10135,50007,1
10136,50007,0
10137,50007,0
10138,50007,0
10139,50007,1
10140,50007,0
10141,50007,0
10142,50007,1
10143,50007,1
10144,50007,0
10145,50007,1
10146,50007,1
10147,50007,1
10148,50007,1
10149,50007,1
10150,50007,0
10151,50007,0
10152,50007,1
10153,50007,0
10154,50007,0
10155,50007,0
10156,50007,0
10157,50007,0
10158,50007,0
10159,50007,1
10160,50007,1
10161,50007,0
10162,50007,1
10163,50007,0
10164,50007,0
10165,50007,0
10166,50007,0
10167,50007,1
10168,50007,0
10169,50007,1
10170,50007,0
10171,50007,0
10172,50007,1
10173,50007,0
10174,50007,0
10175,50007,0
10176,50007,0
10177,50007,0
10178,50007,1
10179,50007,1
10180,50007,1
10181,50007,1
10182,50007,1
10183,50007,1
10184,50007,0
10185,50007,0
10186,50007,0
10187,50007,0
10188,50007,0
10189,50007,1
10190,50007,0
10191,50007,0
10192,50007,1
10193,50007,0
10194,50007,1
10195,50007,0
10196,50007,0
10001,50008,0
10002,50008,0
10003,50008,0
10004,50008,1
10005,50008,1
10006,50008,0
10007,50008,0
10008,50008,1
10009,50008,0
10010,50008,1
10011,50008,0
10012,50008,1
10013,50008,1
10014,50008,0
10015,50008,0
10016,50008,1
10017,50008,0
10018,50008,0
10019,50008,1
10020,50008,0
10021,50008,1
10022,50008,0
10023,50008,0
10024,50008,0
10025,50008,1
10026,50008,0
10027,50008,1
10028,50008,1
10029,50008,0
10030,50008,0
10031,50008,0
10032,50008,1
10033,50008,1
10034,50008,0
10035,50008,1
10036,50008,0
10037,50008,0
10038,50008,0
10039,50008,0
10040,50008,0
10041,50008,0
10042,50008,1
10043,50008,0
10044,50008,0
10045,50008,0
10046,50008,0
10047,50008,1
10048,50008,1
10049,50008,0
10050,50008,0
10051,50008,1
10052,50008,1
10053,50008,1
10054,50008,0
10055,50008,0
10056,50008,0
10057,50008,1
10058,50008,0
10059,50008,0
10060,50008,1
10061,50008,0
10062,50008,0
10063,50008,1
10064,50008,0
10065,50008,0
10066,50008,1
10067,50008,0
10068,50008,0
10069,50008,0
10070,50008,1
10071,50008,1
10072,50008,0
10073,50008,0
10074,50008,1
10075,50008,0
10076,50008,1
10077,50008,0
10078,50008,0
10079,50008,0
10080,50008,0
10081,50008,0
10082,50008,0
10083,50008,1
10084,50008,1
10085,50008,1
10086,50008,1
10087,50008,0
10088,50008,1
10089,50008,0
10090,50008,1
10091,50008,0
10092,50008,1
10093,50008,1
10094,50008,0
10095,50008,1
10096,50008,1
10097,50008,1
10098,50008,0
10099,50008,1
10100,50008,1
10101,50008,0
10102,50008,0
10103,50008,0
10104,50008,1
10105,50008,0
10106,50008,1
10107,50008,1
10108,50008,0
10109,50008,1
10110,50008,0
10111,50008,0
10112,50008,1
10113,50008,0
10114,50008,1
10115,50008,0
10116,50008,1
10117,50008,1
10118,50008,0
10119,50008,0
10120,50008,0
10121,50008,0
10122,50008,0
10123,50008,0
10124,50008,1
10125,50008,1
10126,50008,1
10127,50008,1
10128,50008,1
10129,50008,0
10130,50008,1
10131,50008,1
10132,50008,1
10133,50008,1
10134,50008,1
10135,50008,0
10136,50008,1
10137,50008,1
10138,50008,0
10139,50008,0
10140,50008,1
10141,50008,1
10142,50008,0
10143,50008,0
10144,50008,0
10145,50008,0
10146,50008,0
10147,50008,0
10148,50008,0
10149,50008,0
10150,50008,1
10151,50008,0
10152,50008,0
10153,50008,0
10154,50008,1
10155,50008,1
10156,50008,1
10157,50008,0
10158,50008,1
10159,50008,0
10160,50008,0
10161,50008,1
10162,50008,0
10163,50008,1
10164,50008,0
10165,50008,1
10166,50008,0
10167,50008,0
10168,50008,0
10169,50008,0
10170,50008,1
10171,50008,0
10172,50008,0
10173,50008,1
10174,50008,1
10175,50008,1
10176,50008,0
10177,50008,1
10178,50008,0
10179,50008,0
10180,50008,0
10181,50008,0
10182,50008,0
10183,50008,0
10184,50008,1
10185,50008,0
10186,50008,0
10187,50008,1
10188,50008,1
10189,50008,0
10190,50008,1
10191,50008,1
10192,50008,0
10193,50008,1
10194,50008,0
10195,50008,1
10196,50008,0
10001,50009,0
10002,50009,0
10003,50009,0
10004,50009,0
10005,50009,0
10006,50009,0
10007,50009,0
10008,50009,0
10009,50009,0
10010,50009,0
10011,50009,1
10012,50009,0
10013,50009,0
10014,50009,0
10015,50009,0
10016,50009,0
10017,50009,0
10018,50009,1
10019,50009,0
10020,50009,0
10021,50009,0
10022,50009,0
10023,50009,1
10024,50009,1
10025,50009,0
10026,50009,0
10027,50009,0
10028,50009,0
10029,50009,0
10030,50009,1
10031,50009,0
10032,50009,0
10033,50009,0
10034,50009,0
10035,50009,0
10036,50009,0
10037,50009,0
10038,50009,0
10039,50009,0
10040,50009,0
10041,50009,0
10042,50009,0
10043,50009,0
10044,50009,0
10045,50009,0
10046,50009,0
10047,50009,0
10048,50009,0
10049,50009,0
10050,50009,0
10051,50009,0
10052,50009,0
10053,50009,0
10054,50009,0
10055,50009,0
10056,50009,0
10057,50009,0
10058,50009,0
10059,50009,0
10060,50009,0
10061,50009,0
10062,50009,0
10063,50009,0
10064,50009,0
10065,50009,0
10066,50009,0
10067,50009,0
10068,50009,0
10069,50009,0
10070,50009,0
10071,50009,0
10072,50009,0
10073,50009,0
10074,50009,0
10075,50009,0
10076,50009,0
10077,50009,0
10078,50009,0
10079,50009,0
10080,50009,0
10081,50009,0
10082,50009,1
10083,50009,0
10084,50009,0
10085,50009,0
10086,50009,0
10087,50009,0
10088,50009,0
10089,50009,0
10090,50009,0
10091,50009,0
10092,50009,0
10093,50009,0
10094,50009,1
10095,50009,0
10096,50009,0
10097,50009,0
10098,50009,0
10099,50009,0
10100,50009,0
10101,50009,0
10102,50009,0
10103,50009,0
10104,50009,0
10105,50009,0
10106,50009,0
10107,50009,0
10108,50009,0
10109,50009,0
10110,50009,0
10111,50009,0
10112,50009,0
10113,50009,0
10114,50009,0
10115,50009,1
10116,50009,0
10117,50009,0
10118,50009,0
10119,50009,0
10120,50009,0
10121,50009,0
10122,50009,0
10123,50009,1
10124,50009,0
10125,50009,0
10126,50009,0
10127,50009,0
10128,50009,0
10129,50009,0
10130,50009,0
10131,50009,0
10132,50009,0
10133,50009,0
10134,50009,0
10135,50009,0
10136,50009,0
10137,50009,0
10138,50009,1
10139,50009,0
10140,50009,0
10141,50009,0
10142,50009,0
10143,50009,0
10144,50009,0
10145,50009,0
10146,50009,0
10147,50009,0
10148,50009,0
10149,50009,0
10150,50009,0
10151,50009,0
10152,50009,0
10153,50009,0
10154,50009,0
10155,50009,0
10156,50009,0
10157,50009,0
10158,50009,0
10159,50009,0
10160,50009,0
10161,50009,0
10162,50009,0
10163,50009,0
10164,50009,0
10165,50009,0
10166,50009,0
10167,50009,0
10168,50009,0
10169,50009,0
10170,50009,0
10171,50009,0
10172,50009,0
10173,50009,0
10174,50009,0
10175,50009,0
10176,50009,0
10177,50009,0
10178,50009,0
10179,50009,0
10180,50009,0
10181,50009,0
10182,50009,0
10183,50009,0
10184,50009,0
10185,50009,0
10186,50009,1
10187,50009,0
10188,50009,0
10189,50009,0
10190,50009,0
10191,50009,0
10192,50009,0
10193,50009,0
10194,50009,0
10195,50009,0
10196,50009,0
10001,50010,0
10002,50010,0
10003,50010,0
10004,50010,0
10005,50010,0
10006,50010,0
10007,50010,0
10008,50010,0
10009,50010,0
10010,50010,0
10011,50010,0
10012,50010,0
10013,50010,0
10014,50010,0
10015,50010,0
10016,50010,0
10017,50010,0
10018,50010,0
10019,50010,0
10020,50010,0
10021,50010,0
10022,50010,0
10023,50010,0
10024,50010,0
10025,50010,0
10026,50010,0
10027,50010,0
10028,50010,0
10029,50010,0
10030,50010,0
10031,50010,0
10032,50010,0
10033,50010,0
10034,50010,0
10035,50010,0
10036,50010,0
10037,50010,0
10038,50010,0
10039,50010,0
10040,50010,0
10041,50010,0
10042,50010,0
10043,50010,0
10044,50010,0
10045,50010,0
10046,50010,0
10047,50010,0
10048,50010,0
10049,50010,0
10050,50010,0
10051,50010,0
10052,50010,0
10053,50010,0
10054,50010,0
10055,50010,0
10056,50010,0
10057,50010,0
10058,50010,0
10059,50010,0
10060,50010,0
10061,50010,0
10062,50010,0
10063,50010,0
10064,50010,0
10065,50010,0
10066,50010,0
10067,50010,0
10068,50010,0
10069,50010,0
10070,50010,0
10071,50010,0
10072,50010,0
10073,50010,0
10074,50010,0
10075,50010,0
10076,50010,0
10077,50010,0
10078,50010,0
10079,50010,0
10080,50010,0
10081,50010,0
10082,50010,0
10083,50010,0
10084,50010,0
10085,50010,0
10086,50010,0
10087,50010,0
10088,50010,0
10089,50010,0
10090,50010,0
10091,50010,0
10092,50010,0
10093,50010,0
10094,50010,0
10095,50010,0
10096,50010,0
10097,50010,0
10098,50010,0
10099,50010,0
10100,50010,0
10101,50010,0
10102,50010,0
10103,50010,0
10104,50010,0
10105,50010,0
10106,50010,0
10107,50010,0
10108,50010,0
10109,50010,0
10110,50010,0
10111,50010,0
10112,50010,0
10113,50010,0
10114,50010,0
10115,50010,0
10116,50010,0
10117,50010,0
10118,50010,0
10119,50010,0
10120,50010,0
10121,50010,0
10122,50010,0
10123,50010,0
10124,50010,0
10125,50010,0
10126,50010,0
10127,50010,0
10128,50010,0
10129,50010,0
10130,50010,0
10131,50010,0
10132,50010,0
10133,50010,0
10134,50010,0
10135,50010,0
10136,50010,0
10137,50010,0
10138,50010,0
10139,50010,0
10140,50010,0
10141,50010,0
10142,50010,0
10143,50010,0
10144,50010,0
10145,50010,0
10146,50010,0
10147,50010,0
10148,50010,0
10149,50010,0
10150,50010,0
10151,50010,0
10152,50010,0
10153,50010,0
10154,50010,0
10155,50010,0
10156,50010,0
10157,50010,0
10158,50010,0
10159,50010,0
10160,50010,0
10161,50010,0
10162,50010,0
10163,50010,0
10164,50010,0
10165,50010,0
10166,50010,0
10167,50010,0
10168,50010,0
10169,50010,0
10170,50010,0
10171,50010,0
10172,50010,0
10173,50010,0
10174,50010,0
10175,50010,0
10176,50010,0
10177,50010,0
10178,50010,0
10179,50010,0
10180,50010,0
10181,50010,0
10182,50010,0
10183,50010,0
10184,50010,0
10185,50010,0
10186,50010,0
10187,50010,0
10188,50010,0
10189,50010,0
10190,50010,0
10191,50010,0
10192,50010,0
10193,50010,0
10194,50010,0
10195,50010,0
10196,50010,0
10001,50011,0
10002,50011,0
10003,50011,0
10004,50011,0
10005,50011,0
10006,50011,0
10007,50011,0
10008,50011,0
10009,50011,0
10010,50011,0
10011,50011,0
10012,50011,0
10013,50011,0
10014,50011,0
10015,50011,0
10016,50011,0
10017,50011,0
10018,50011,0
10019,50011,0
10020,50011,0
10021,50011,0
10022,50011,0
10023,50011,0
10024,50011,0
10025,50011,0
10026,50011,0
10027,50011,0
10028,50011,0
10029,50011,0
10030,50011,0
10031,50011,0
10032,50011,0
10033,50011,0
10034,50011,0
10035,50011,0
10036,50011,0
10037,50011,0
10038,50011,0
10039,50011,0
10040,50011,0
10041,50011,0
10042,50011,0
10043,50011,0
10044,50011,0
10045,50011,0
10046,50011,0
10047,50011,0
10048,50011,0
10049,50011,0
10050,50011,0
10051,50011,0
10052,50011,0
10053,50011,0
10054,50011,0
10055,50011,0
10056,50011,0
10057,50011,0
10058,50011,0
10059,50011,0
10060,50011,0
10061,50011,0
10062,50011,0
10063,50011,0
10064,50011,0
10065,50011,0
10066,50011,0
10067,50011,0
10068,50011,0
10069,50011,0
10070,50011,0
10071,50011,0
10072,50011,0
10073,50011,0
10074,50011,0
10075,50011,0
10076,50011,0
10077,50011,0
10078,50011,0
10079,50011,0
10080,50011,0
10081,50011,0
10082,50011,0
10083,50011,0
10084,50011,0
10085,50011,0
10086,50011,0
10087,50011,0
10088,50011,0
10089,50011,0
10090,50011,0
10091,50011,0
10092,50011,1
10093,50011,0
10094,50011,0
10095,50011,0
10096,50011,0
10097,50011,0
10098,50011,0
10099,50011,0
10100,50011,0
10101,50011,0
10102,50011,0
10103,50011,0
10104,50011,0
10105,50011,0
10106,50011,0
10107,50011,0
10108,50011,0
10109,50011,0
10110,50011,0
10111,50011,0
10112,50011,0
10113,50011,0
10114,50011,0
10115,50011,0
10116,50011,0
10117,50011,0
10118,50011,0
10119,50011,0
10120,50011,0
10121,50011,0
10122,50011,0
10123,50011,0
10124,50011,0
10125,50011,0
10126,50011,0
10127,50011,0
10128,50011,0
10129,50011,0
10130,50011,0
10131,50011,0
10132,50011,0
10133,50011,0
10134,50011,0
10135,50011,0
10136,50011,0
10137,50011,0
10138,50011,0
10139,50011,0
10140,50011,0
10141,50011,0
10142,50011,0
10143,50011,0
10144,50011,0
10145,50011,0
10146,50011,0
10147,50011,0
10148,50011,0
10149,50011,0
10150,50011,0
10151,50011,0
10152,50011,0
10153,50011,0
10154,50011,0
10155,50011,0
10156,50011,0
10157,50011,0
10158,50011,0
10159,50011,0
10160,50011,0
10161,50011,0
10162,50011,0
10163,50011,0
10164,50011,0
10165,50011,0
10166,50011,0
10167,50011,0
10168,50011,0
10169,50011,0
10170,50011,0
10171,50011,0
10172,50011,0
10173,50011,0
10174,50011,0
10175,50011,0
10176,50011,0
10177,50011,0
10178,50011,0
10179,50011,0
10180,50011,0
10181,50011,0
10182,50011,0
10183,50011,0
10184,50011,0
10185,50011,0
10186,50011,0
10187,50011,0
10188,50011,0
10189,50011,0
10190,50011,0
10191,50011,0
10192,50011,0
10193,50011,0
10194,50011,0
10195,50011,0
10196,50011,0
10001,50012,0
10002,50012,0
10003,50012,0
10004,50012,0
10005,50012,0
10006,50012,0
10007,50012,1
10008,50012,0
10009,50012,0
10010,50012,1
10011,50012,1
10012,50012,0
10013,50012,1
10014,50012,0
10015,50012,0
10016,50012,0
10017,50012,1
10018,50012,0
10019,50012,0
10020,50012,0
10021,50012,0
10022,50012,1
10023,50012,1
10024,50012,0
10025,50012,0
10026,50012,0
10027,50012,1
10028,50012,1
10029,50012,0
10030,50012,1
10031,50012,0
10032,50012,0
10033,50012,1
10034,50012,1
10035,50012,1
10036,50012,1
10037,50012,1
10038,50012,0
10039,50012,0
10040,50012,0
10041,50012,1
10042,50012,1
10043,50012,1
10044,50012,1
10045,50012,1
10046,50012,0
10047,50012,1
10048,50012,1
10049,50012,1
10050,50012,1
10051,50012,1
10052,50012,1
10053,50012,1
10054,50012,1
10055,50012,0
10056,50012,0
10057,50012,1
10058,50012,0
10059,50012,0
10060,50012,1
10061,50012,1
10062,50012,0
10063,50012,1
10064,50012,0
10065,50012,1
10066,50012,0
10067,50012,1
10068,50012,0
10069,50012,0
10070,50012,1
10071,50012,1
10072,50012,0
10073,50012,0
10074,50012,1
10075,50012,0
10076,50012,1
10077,50012,1
10078,50012,1
10079,50012,1
10080,50012,1
10081,50012,1
10082,50012,1
10083,50012,1
10084,50012,1
10085,50012,0
10086,50012,1
10087,50012,1
10088,50012,1
10089,50012,0
10090,50012,0
10091,50012,0
10092,50012,0
10093,50012,1
10094,50012,1
10095,50012,0
10096,50012,0
10097,50012,0
10098,50012,0
10099,50012,1
10100,50012,0
10101,50012,1
10102,50012,0
10103,50012,1
10104,50012,1
10105,50012,1
10106,50012,0
10107,50012,0
10108,50012,1
10109,50012,1
10110,50012,1
10111,50012,1
10112,50012,1
10113,50012,0
10114,50012,0
10115,50012,0
10116,50012,0
10117,50012,1
10118,50012,1
10119,50012,1
10120,50012,0
10121,50012,1
10122,50012,0
10123,50012,1
10124,50012,1
10125,50012,1
10126,50012,1
10127,50012,0
10128,50012,0
10129,50012,1
10130,50012,1
10131,50012,1
10132,50012,1
10133,50012,1
10134,50012,0
10135,50012,0
10136,50012,1
10137,50012,1
10138,50012,1
10139,50012,0
10140,50012,1
10141,50012,1
10142,50012,1
10143,50012,1
10144,50012,0
10145,50012,0
10146,50012,0
10147,50012,1
10148,50012,1
10149,50012,1
10150,50012,1
10151,50012,0
10152,50012,1
10153,50012,0
10154,50012,1
10155,50012,1
10156,50012,1
10157,50012,0
10158,50012,1
10159,50012,0
10160,50012,0
10161,50012,1
10162,50012,1
10163,50012,0
10164,50012,0
10165,50012,1
10166,50012,0
10167,50012,0
10168,50012,0
10169,50012,0
10170,50012,0
10171,50012,0
10172,50012,0
10173,50012,1
10174,50012,0
10175,50012,1
10176,50012,0
10177,50012,1
10178,50012,1
10179,50012,1
10180,50012,1
10181,50012,1
10182,50012,1
10183,50012,0
10184,50012,1
10185,50012,0
10186,50012,1
10187,50012,1
10188,50012,1
10189,50012,1
10190,50012,0
10191,50012,0
10192,50012,1
10193,50012,0
10194,50012,1
10195,50012,1
10196,50012,0
10001,50013,0
10002,50013,0
10003,50013,0
10004,50013,1
10005,50013,1
10006,50013,0
10007,50013,0
10008,50013,0
10009,50013,0
10010,50013,0
10011,50013,0
10012,50013,1
10013,50013,0
10014,50013,0
10015,50013,0
10016,50013,0
10017,50013,0
10018,50013,0
10019,50013,0
10020,50013,0
10021,50013,0
10022,50013,0
10023,50013,0
10024,50013,0
10025,50013,0
10026,50013,0
10027,50013,0
10028,50013,0
10029,50013,0
10030,50013,0
10031,50013,0
10032,50013,0
10033,50013,0
10034,50013,0
10035,50013,0
10036,50013,0
10037,50013,0
10038,50013,0
10039,50013,0
10040,50013,0
10041,50013,0
10042,50013,0
10043,50013,0
10044,50013,0
10045,50013,0
10046,50013,0
10047,50013,0
10048,50013,0
10049,50013,0
10050,50013,0
10051,50013,0
10052,50013,0
10053,50013,0
10054,50013,0
10055,50013,0
10056,50013,0
10057,50013,0
10058,50013,0
10059,50013,0
10060,50013,0
10061,50013,0
10062,50013,0
10063,50013,0
10064,50013,0
10065,50013,0
10066,50013,0
10067,50013,0
10068,50013,0
10069,50013,0
10070,50013,0
10071,50013,0
10072,50013,0
10073,50013,0
10074,50013,0
10075,50013,0
10076,50013,0
10077,50013,0
10078,50013,0
10079,50013,0
10080,50013,0
10081,50013,0
10082,50013,0
10083,50013,0
10084,50013,0
10085,50013,1
10086,50013,0
10087,50013,0
10088,50013,0
10089,50013,0
10090,50013,1
10091,50013,0
10092,50013,0
10093,50013,0
10094,50013,0
10095,50013,0
10096,50013,1
10097,50013,0
10098,50013,0
10099,50013,0
10100,50013,0
10101,50013,0
10102,50013,0
10103,50013,0
10104,50013,0
10105,50013,0
10106,50013,1
10107,50013,0
10108,50013,0
10109,50013,0
10110,50013,0
10111,50013,0
10112,50013,0
10113,50013,0
10114,50013,1
10115,50013,0
10116,50013,0
10117,50013,0
10118,50013,0
10119,50013,0
10120,50013,0
10121,50013,0
10122,50013,0
10123,50013,0
10124,50013,0
10125,50013,0
10126,50013,0
10127,50013,0
10128,50013,0
10129,50013,0
10130,50013,0
10131,50013,0
10132,50013,0
10133,50013,0
10134,50013,1
10135,50013,0
10136,50013,0
10137,50013,0
10138,50013,0
10139,50013,1
10140,50013,0
10141,50013,0
10142,50013,0
10143,50013,0
10144,50013,0
10145,50013,1
10146,50013,0
10147,50013,0
10148,50013,0
10149,50013,0
10150,50013,0
10151,50013,0
10152,50013,0
10153,50013,0
10154,50013,0
10155,50013,0
10156,50013,0
10157,50013,0
10158,50013,0
10159,50013,0
10160,50013,0
10161,50013,0
10162,50013,0
10163,50013,0
10164,50013,0
10165,50013,0
10166,50013,0
10167,50013,0
10168,50013,0
10169,50013,0
10170,50013,0
10171,50013,0
10172,50013,0
10173,50013,0
10174,50013,0
10175,50013,0
10176,50013,0
10177,50013,0
10178,50013,0
10179,50013,0
10180,50013,0
10181,50013,0
10182,50013,0
10183,50013,0
10184,50013,0
10185,50013,0
10186,50013,0
10187,50013,0
10188,50013,0
10189,50013,0
10190,50013,0
10191,50013,0
10192,50013,0
10193,50013,0
10194,50013,0
10195,50013,0
10196,50013,0
10001,50014,0
10002,50014,0
10003,50014,1
10004,50014,0
10005,50014,0
10006,50014,1
10007,50014,0
10008,50014,1
10009,50014,0
10010,50014,0
10011,50014,0
10012,50014,0
10013,50014,0
10014,50014,0
10015,50014,0
10016,50014,1
10017,50014,0
10018,50014,0
10019,50014,1
10020,50014,1
10021,50014,0
10022,50014,0
10023,50014,0
10024,50014,1
10025,50014,0
10026,50014,0
10027,50014,0
10028,50014,0
10029,50014,1
10030,50014,0
10031,50014,1
10032,50014,1
10033,50014,0
10034,50014,0
10035,50014,0
10036,50014,0
10037,50014,0
10038,50014,1
10039,50014,1
10040,50014,1
10041,50014,0
10042,50014,0
10043,50014,0
10044,50014,0
10045,50014,0
10046,50014,0
10047,50014,0
10048,50014,0
10049,50014,0
10050,50014,0
10051,50014,0
10052,50014,0
10053,50014,0
10054,50014,0
10055,50014,0
10056,50014,0
10057,50014,0
10058,50014,0
10059,50014,0
10060,50014,0
10061,50014,0
10062,50014,0
10063,50014,0
10064,50014,1
10065,50014,0
10066,50014,1
10067,50014,0
10068,50014,0
10069,50014,1
10070,50014,0
10071,50014,0
10072,50014,0
10073,50014,1
10074,50014,0
10075,50014,1
10076,50014,0
10077,50014,0
10078,50014,0
10079,50014,0
10080,50014,0
10081,50014,0
10082,50014,0
10083,50014,0
10084,50014,0
10085,50014,0
10086,50014,0
10087,50014,0
10088,50014,0
10089,50014,1
10090,50014,0
10091,50014,1
10092,50014,0
10093,50014,0
10094,50014,0
10095,50014,1
10096,50014,0
10097,50014,1
10098,50014,0
10099,50014,0
10100,50014,1
10101,50014,0
10102,50014,0
10103,50014,0
10104,50014,0
10105,50014,0
10106,50014,0
10107,50014,1
10108,50014,0
10109,50014,0
10110,50014,0
10111,50014,0
10112,50014,0
10113,50014,1
10114,50014,0
10115,50014,1
10116,50014,1
10117,50014,0
10118,50014,0
10119,50014,0
10120,50014,0
10121,50014,0
10122,50014,1
10123,50014,0
10124,50014,0
10125,50014,0
10126,50014,0
10127,50014,1
10128,50014,1
10129,50014,0
10130,50014,0
10131,50014,0
10132,50014,0
10133,50014,0
10134,50014,0
10135,50014,1
10136,50014,0
10137,50014,0
10138,50014,0
10139,50014,0
10140,50014,0
10141,50014,0
10142,50014,0
10143,50014,0
10144,50014,0
10145,50014,0
10146,50014,0
10147,50014,0
10148,50014,0
10149,50014,0
10150,50014,0
10151,50014,0
10152,50014,0
10153,50014,0
10154,50014,0
10155,50014,0
10156,50014,0
10157,50014,0
10158,50014,0
10159,50014,1
10160,50014,1
10161,50014,0
10162,50014,0
10163,50014,1
10164,50014,0
10165,50014,0
10166,50014,0
10167,50014,1
10168,50014,0
10169,50014,1
10170,50014,0
10171,50014,0
10172,50014,1
10173,50014,0
10174,50014,1
10175,50014,0
10176,50014,0
10177,50014,0
10178,50014,0
10179,50014,0
10180,50014,0
10181,50014,0
10182,50014,0
10183,50014,0
10184,50014,0
10185,50014,0
10186,50014,0
10187,50014,0
10188,50014,0
10189,50014,0
10190,50014,1
10191,50014,1
10192,50014,0
10193,50014,0
10194,50014,0
10195,50014,0
10196,50014,0
10001,50015,0
10002,50015,0
10003,50015,0
10004,50015,0
10005,50015,0
10006,50015,0
10007,50015,0
10008,50015,0
10009,50015,0
10010,50015,0
10011,50015,0
10012,50015,0
10013,50015,0
10014,50015,0
10015,50015,0
10016,50015,0
10017,50015,0
10018,50015,1
10019,50015,0
10020,50015,0
10021,50015,1
10022,50015,0
10023,50015,0
10024,50015,0
10025,50015,1
10026,50015,0
10027,50015,0
10028,50015,0
10029,50015,0
10030,50015,0
10031,50015,0
10032,50015,0
10033,50015,0
10034,50015,0
10035,50015,0
10036,50015,0
10037,50015,0
10038,50015,0
10039,50015,0
10040,50015,0
10041,50015,0
10042,50015,0
10043,50015,0
10044,50015,0
10045,50015,0
10046,50015,0
10047,50015,0
10048,50015,0
10049,50015,0
10050,50015,0
10051,50015,0
10052,50015,0
10053,50015,0
10054,50015,0
10055,50015,0
10056,50015,0
10057,50015,0
10058,50015,0
10059,50015,0
10060,50015,0
10061,50015,0
10062,50015,0
10063,50015,0
10064,50015,0
10065,50015,0
10066,50015,0
10067,50015,0
10068,50015,0
10069,50015,0
10070,50015,0
10071,50015,0
10072,50015,0
10073,50015,0
10074,50015,0
10075,50015,0
10076,50015,0
10077,50015,0
10078,50015,0
10079,50015,0
10080,50015,0
10081,50015,0
10082,50015,0
10083,50015,0
10084,50015,0
10085,50015,0
10086,50015,0
10087,50015,0
10088,50015,0
10089,50015,0
10090,50015,0
10091,50015,0
10092,50015,0
10093,50015,0
10094,50015,0
10095,50015,0
10096,50015,0
10097,50015,0
10098,50015,0
10099,50015,0
10100,50015,0
10101,50015,0
10102,50015,0
10103,50015,0
10104,50015,0
10105,50015,0
10106,50015,0
10107,50015,0
10108,50015,0
10109,50015,0
10110,50015,0
10111,50015,0
10112,50015,0
10113,50015,0
10114,50015,0
10115,50015,0
10116,50015,0
10117,50015,0
10118,50015,0
10119,50015,0
10120,50015,0
10121,50015,0
10122,50015,0
10123,50015,0
10124,50015,0
10125,50015,0
10126,50015,0
10127,50015,0
10128,50015,0
10129,50015,0
10130,50015,0
10131,50015,0
10132,50015,0
10133,50015,0
10134,50015,0
10135,50015,0
10136,50015,0
10137,50015,0
10138,50015,0
10139,50015,0
10140,50015,0
10141,50015,0
10142,50015,0
10143,50015,0
10144,50015,0
10145,50015,0
10146,50015,1
10147,50015,0
10148,50015,0
10149,50015,0
10150,50015,0
10151,50015,0
10152,50015,0
10153,50015,0
10154,50015,0
10155,50015,0
10156,50015,0
10157,50015,0
10158,50015,0
10159,50015,0
10160,50015,0
10161,50015,0
10162,50015,0
10163,50015,0
10164,50015,0
10165,50015,0
10166,50015,0
10167,50015,0
10168,50015,0
10169,50015,0
10170,50015,1
10171,50015,0
10172,50015,0
10173,50015,0
10174,50015,0
10175,50015,0
10176,50015,0
10177,50015,0
10178,50015,0
10179,50015,0
10180,50015,0
10181,50015,0
10182,50015,0
10183,50015,1
10184,50015,0
10185,50015,0
10186,50015,0
10187,50015,0
10188,50015,0
10189,50015,0
10190,50015,0
10191,50015,0
10192,50015,0
10193,50015,1
10194,50015,0
10195,50015,0
10196,50015,0
10001,50016,0
10002,50016,0
10003,50016,0
10004,50016,0
10005,50016,0
10006,50016,0
10007,50016,0
10008,50016,0
10009,50016,0
10010,50016,0
10011,50016,0
10012,50016,0
10013,50016,0
10014,50016,0
10015,50016,0
10016,50016,0
10017,50016,0
10018,50016,0
10019,50016,0
10020,50016,0
10021,50016,0
10022,50016,0
10023,50016,0
10024,50016,0
10025,50016,0
10026,50016,0
10027,50016,0
10028,50016,0
10029,50016,0
10030,50016,0
10031,50016,0
10032,50016,0
10033,50016,0
10034,50016,0
10035,50016,0
10036,50016,0
10037,50016,0
10038,50016,0
10039,50016,0
10040,50016,0
10041,50016,1
10042,50016,0
10043,50016,0
10044,50016,0
10045,50016,0
10046,50016,0
10047,50016,0
10048,50016,0
10049,50016,0
10050,50016,0
10051,50016,0
10052,50016,0
10053,50016,0
10054,50016,0
10055,50016,0
10056,50016,0
10057,50016,0
10058,50016,0
10059,50016,0
10060,50016,0
10061,50016,0
10062,50016,0
10063,50016,0
10064,50016,0
10065,50016,0
10066,50016,0
10067,50016,0
10068,50016,0
10069,50016,0
10070,50016,0
10071,50016,0
10072,50016,0
10073,50016,0
10074,50016,0
10075,50016,0
10076,50016,0
10077,50016,0
10078,50016,0
10079,50016,0
10080,50016,0
10081,50016,0
10082,50016,0
10083,50016,0
10084,50016,0
10085,50016,0
10086,50016,0
10087,50016,0
10088,50016,0
10089,50016,0
10090,50016,0
10091,50016,0
10092,50016,0
10093,50016,0
10094,50016,0
10095,50016,0
10096,50016,0
10097,50016,0
10098,50016,0
10099,50016,0
10100,50016,0
10101,50016,0
10102,50016,0
10103,50016,0
10104,50016,0
10105,50016,0
10106,50016,0
10107,50016,0
10108,50016,0
10109,50016,0
10110,50016,0
10111,50016,0
10112,50016,0
10113,50016,0
10114,50016,0
10115,50016,0
10116,50016,0
10117,50016,0
10118,50016,0
10119,50016,0
10120,50016,0
10121,50016,0
10122,50016,0
10123,50016,0
10124,50016,0
10125,50016,0
10126,50016,0
10127,50016,0
10128,50016,0
10129,50016,0
10130,50016,0
10131,50016,0
10132,50016,0
10133,50016,0
10134,50016,0
10135,50016,0
10136,50016,0
10137,50016,0
10138,50016,0
10139,50016,0
10140,50016,0
10141,50016,0
10142,50016,0
10143,50016,0
10144,50016,0
10145,50016,0
10146,50016,0
10147,50016,0
10148,50016,0
10149,50016,0
10150,50016,0
10151,50016,0
10152,50016,0
10153,50016,0
10154,50016,0
10155,50016,0
10156,50016,0
10157,50016,0
10158,50016,0
10159,50016,1
10160,50016,0
10161,50016,0
10162,50016,0
10163,50016,0
10164,50016,0
10165,50016,0
10166,50016,0
10167,50016,0
10168,50016,0
10169,50016,0
10170,50016,0
10171,50016,0
10172,50016,0
10173,50016,0
10174,50016,0
10175,50016,0
10176,50016,0
10177,50016,0
10178,50016,0
10179,50016,0
10180,50016,0
10181,50016,0
10182,50016,0
10183,50016,0
10184,50016,0
10185,50016,0
10186,50016,0
10187,50016,0
10188,50016,0
10189,50016,0
10190,50016,0
10191,50016,0
10192,50016,0
10193,50016,0
10194,50016,0
10195,50016,0
10196,50016,0
10001,50017,0
10002,50017,0
10003,50017,0
10004,50017,0
10005,50017,0
10006,50017,0
10007,50017,0
10008,50017,0
10009,50017,0
10010,50017,0
10011,50017,0
10012,50017,0
10013,50017,0
10014,50017,0
10015,50017,0
10016,50017,0
10017,50017,0
10018,50017,0
10019,50017,0
10020,50017,0
10021,50017,0
10022,50017,1
10023,50017,0
10024,50017,0
10025,50017,0
10026,50017,0
10027,50017,0
10028,50017,0
10029,50017,0
10030,50017,0
10031,50017,0
10032,50017,0
10033,50017,0
10034,50017,0
10035,50017,0
10036,50017,0
10037,50017,0
10038,50017,0
10039,50017,0
10040,50017,0
10041,50017,0
10042,50017,0
10043,50017,0
10044,50017,0
10045,50017,0
10046,50017,0
10047,50017,0
10048,50017,0
10049,50017,0
10050,50017,0
10051,50017,0
10052,50017,0
10053,50017,0
10054,50017,0
10055,50017,0
10056,50017,0
10057,50017,0
10058,50017,0
10059,50017,0
10060,50017,0
10061,50017,0
10062,50017,0
10063,50017,0
10064,50017,0
10065,50017,0
10066,50017,0
10067,50017,0
10068,50017,0
10069,50017,0
10070,50017,0
10071,50017,0
10072,50017,0
10073,50017,0
10074,50017,0
10075,50017,0
10076,50017,0
10077,50017,0
10078,50017,0
10079,50017,0
10080,50017,0
10081,50017,0
10082,50017,0
10083,50017,0
10084,50017,0
10085,50017,0
10086,50017,0
10087,50017,0
10088,50017,0
10089,50017,0
10090,50017,0
10091,50017,0
10092,50017,0
10093,50017,0
10094,50017,0
10095,50017,0
10096,50017,0
10097,50017,0
10098,50017,0
10099,50017,0
10100,50017,0
10101,50017,0
10102,50017,0
10103,50017,0
10104,50017,0
10105,50017,0
10106,50017,0
10107,50017,0
10108,50017,0
10109,50017,0
10110,50017,0
10111,50017,0
10112,50017,0
10113,50017,0
10114,50017,0
10115,50017,0
10116,50017,0
10117,50017,0
10118,50017,0
10119,50017,0
10120,50017,0
10121,50017,0
10122,50017,0
10123,50017,0
10124,50017,0
10125,50017,0
10126,50017,0
10127,50017,0
10128,50017,0
10129,50017,0
10130,50017,0
10131,50017,0
10132,50017,0
10133,50017,0
10134,50017,0
10135,50017,0
10136,50017,0
10137,50017,0
10138,50017,0
10139,50017,0
10140,50017,0
10141,50017,0
10142,50017,0
10143,50017,0
10144,50017,0
10145,50017,0
10146,50017,0
10147,50017,0
10148,50017,0
10149,50017,0
10150,50017,0
10151,50017,0
10152,50017,0
10153,50017,0
10154,50017,0
10155,50017,0
10156,50017,0
10157,50017,0
10158,50017,0
10159,50017,0
10160,50017,0
10161,50017,0
10162,50017,0
10163,50017,0
10164,50017,0
10165,50017,0
10166,50017,0
10167,50017,0
10168,50017,0
10169,50017,0
10170,50017,0
10171,50017,0
10172,50017,0
10173,50017,0
10174,50017,0
10175,50017,0
10176,50017,0
10177,50017,0
10178,50017,0
10179,50017,0
10180,50017,0
10181,50017,0
10182,50017,0
10183,50017,0
10184,50017,0
10185,50017,0
10186,50017,0
10187,50017,0
10188,50017,0
10189,50017,0
10190,50017,0
10191,50017,0
10192,50017,0
10193,50017,0
10194,50017,0
10195,50017,0
10196,50017,0
10001,50018,0
10002,50018,0
10003,50018,0
10004,50018,1
10005,50018,1
10006,50018,0
10007,50018,1
10008,50018,0
10009,50018,0
10010,50018,1
10011,50018,1
10012,50018,1
10013,50018,1
10014,50018,0
10015,50018,0
10016,50018,1
10017,50018,1
10018,50018,1
10019,50018,0
10020,50018,0
10021,50018,0
10022,50018,0
10023,50018,1
10024,50018,0
10025,50018,1
10026,50018,0
10027,50018,1
10028,50018,1
10029,50018,1
10030,50018,1
10031,50018,0
10032,50018,0
10033,50018,1
10034,50018,1
10035,50018,0
10036,50018,0
10037,50018,1
10038,50018,0
10039,50018,0
10040,50018,0
10041,50018,0
10042,50018,1
10043,50018,0
10044,50018,1
10045,50018,0
10046,50018,0
10047,50018,1
10048,50018,1
10049,50018,0
10050,50018,1
10051,50018,0
10052,50018,0
10053,50018,0
10054,50018,0
10055,50018,0
10056,50018,0
10057,50018,1
10058,50018,0
10059,50018,0
10060,50018,1
10061,50018,1
10062,50018,0
10063,50018,1
10064,50018,0
10065,50018,0
10066,50018,0
10067,50018,1
10068,50018,0
10069,50018,0
10070,50018,1
10071,50018,1
10072,50018,0
10073,50018,0
10074,50018,1
10075,50018,0
10076,50018,0
10077,50018,1
10078,50018,0
10079,50018,1
10080,50018,0
10081,50018,1
10082,50018,1
10083,50018,1
10084,50018,1
10085,50018,1
10086,50018,1
10087,50018,1
10088,50018,1
10089,50018,0
10090,50018,1
10091,50018,1
10092,50018,0
10093,50018,1
10094,50018,1
10095,50018,0
10096,50018,1
10097,50018,0
10098,50018,0
10099,50018,1
10100,50018,0
10101,50018,0
10102,50018,0
10103,50018,0
10104,50018,1
10105,50018,1
10106,50018,0
10107,50018,0
10108,50018,1
10109,50018,1
10110,50018,1
10111,50018,1
10112,50018,1
10113,50018,1
10114,50018,1
10115,50018,0
10116,50018,0
10117,50018,0
10118,50018,0
10119,50018,1
10120,50018,0
10121,50018,1
10122,50018,1
10123,50018,1
10124,50018,0
10125,50018,1
10126,50018,1
10127,50018,0
10128,50018,1
10129,50018,1
10130,50018,1
10131,50018,1
10132,50018,1
10133,50018,1
10134,50018,1
10135,50018,0
10136,50018,1
10137,50018,1
10138,50018,1
10139,50018,0
10140,50018,1
10141,50018,1
10142,50018,1
10143,50018,0
10144,50018,0
10145,50018,0
10146,50018,0
10147,50018,0
10148,50018,0
10149,50018,0
10150,50018,1
10151,50018,0
10152,50018,0
10153,50018,0
10154,50018,1
10155,50018,1
10156,50018,1
10157,50018,0
10158,50018,1
10159,50018,0
10160,50018,0
10161,50018,1
10162,50018,0
10163,50018,0
10164,50018,0
10165,50018,1
10166,50018,0
10167,50018,1
10168,50018,0
10169,50018,0
10170,50018,1
10171,50018,0
10172,50018,0
10173,50018,1
10174,50018,1
10175,50018,1
10176,50018,0
10177,50018,1
10178,50018,1
10179,50018,0
10180,50018,0
10181,50018,0
10182,50018,0
10183,50018,0
10184,50018,1
10185,50018,0
10186,50018,1
10187,50018,1
10188,50018,1
10189,50018,0
10190,50018,0
10191,50018,0
10192,50018,1
10193,50018,0
10194,50018,1
10195,50018,1
10196,50018,0
10001,50019,0
10002,50019,0
10003,50019,1
10004,50019,0
10005,50019,0
10006,50019,1
10007,50019,0
10008,50019,1
10009,50019,0
10010,50019,0
10011,50019,0
10012,50019,0
10013,50019,0
10014,50019,0
10015,50019,0
10016,50019,0
10017,50019,0
10018,50019,0
10019,50019,1
10020,50019,1
10021,50019,1
10022,50019,0
10023,50019,0
10024,50019,1
10025,50019,0
10026,50019,0
10027,50019,0
10028,50019,0
10029,50019,0
10030,50019,0
10031,50019,1
10032,50019,1
10033,50019,0
10034,50019,0
10035,50019,0
10036,50019,1
10037,50019,0
10038,50019,1
10039,50019,1
10040,50019,1
10041,50019,0
10042,50019,0
10043,50019,0
10044,50019,0
10045,50019,1
10046,50019,0
10047,50019,0
10048,50019,0
10049,50019,0
10050,50019,0
10051,50019,0
10052,50019,0
10053,50019,0
10054,50019,0
10055,50019,0
10056,50019,0
10057,50019,0
10058,50019,0
10059,50019,0
10060,50019,0
10061,50019,0
10062,50019,0
10063,50019,0
10064,50019,0
10065,50019,0
10066,50019,1
10067,50019,0
10068,50019,0
10069,50019,0
10070,50019,0
10071,50019,0
10072,50019,0
10073,50019,1
10074,50019,0
10075,50019,1
10076,50019,1
10077,50019,0
10078,50019,1
10079,50019,0
10080,50019,1
10081,50019,0
10082,50019,0
10083,50019,0
10084,50019,0
10085,50019,0
10086,50019,0
10087,50019,0
10088,50019,0
10089,50019,1
10090,50019,0
10091,50019,0
10092,50019,1
10093,50019,0
10094,50019,0
10095,50019,1
10096,50019,0
10097,50019,1
10098,50019,0
10099,50019,0
10100,50019,0
10101,50019,0
10102,50019,0
10103,50019,0
10104,50019,0
10105,50019,0
10106,50019,1
10107,50019,1
10108,50019,0
10109,50019,0
10110,50019,0
10111,50019,0
10112,50019,0
10113,50019,0
10114,50019,0
10115,50019,1
10116,50019,0
10117,50019,1
10118,50019,0
10119,50019,0
10120,50019,0
10121,50019,0
10122,50019,0
10123,50019,0
10124,50019,1
10125,50019,0
10126,50019,0
10127,50019,1
10128,50019,0
10129,50019,0
10130,50019,0
10131,50019,0
10132,50019,0
10133,50019,0
10134,50019,0
10135,50019,0
10136,50019,0
10137,50019,0
10138,50019,0
10139,50019,1
10140,50019,0
10141,50019,0
10142,50019,0
10143,50019,0
10144,50019,0
10145,50019,0
10146,50019,0
10147,50019,1
10148,50019,0
10149,50019,0
10150,50019,0
10151,50019,0
10152,50019,1
10153,50019,0
10154,50019,0
10155,50019,0
10156,50019,0
10157,50019,0
10158,50019,0
10159,50019,0
10160,50019,1
10161,50019,0
10162,50019,1
10163,50019,1
10164,50019,0
10165,50019,0
10166,50019,0
10167,50019,0
10168,50019,0
10169,50019,1
10170,50019,0
10171,50019,0
10172,50019,1
10173,50019,0
10174,50019,0
10175,50019,0
10176,50019,0
10177,50019,0
10178,50019,0
10179,50019,0
10180,50019,0
10181,50019,0
10182,50019,0
10183,50019,0
10184,50019,0
10185,50019,0
10186,50019,0
10187,50019,0
10188,50019,0
10189,50019,1
10190,50019,0
10191,50019,1
10192,50019,0
10193,50019,1
10194,50019,0
10195,50019,0
10196,50019,0
10001,50020,0
10002,50020,0
10003,50020,0
10004,50020,0
10005,50020,0
10006,50020,0
10007,50020,0
10008,50020,0
10009,50020,0
10010,50020,0
10011,50020,0
10012,50020,0
10013,50020,0
10014,50020,0
10015,50020,0
10016,50020,0
10017,50020,0
10018,50020,0
10019,50020,0
10020,50020,0
10021,50020,0
10022,50020,0
10023,50020,0
10024,50020,0
10025,50020,0
10026,50020,0
10027,50020,0
10028,50020,0
10029,50020,0
10030,50020,0
10031,50020,0
10032,50020,0
10033,50020,0
10034,50020,0
10035,50020,1
10036,50020,0
10037,50020,0
10038,50020,0
10039,50020,0
10040,50020,0
10041,50020,0
10042,50020,0
10043,50020,1
10044,50020,0
10045,50020,0
10046,50020,0
10047,50020,0
10048,50020,0
10049,50020,1
10050,50020,0
10051,50020,1
10052,50020,1
10053,50020,1
10054,50020,1
10055,50020,0
10056,50020,0
10057,50020,0
10058,50020,0
10059,50020,0
10060,50020,0
10061,50020,0
10062,50020,0
10063,50020,0
10064,50020,1
10065,50020,1
10066,50020,0
10067,50020,0
10068,50020,0
10069,50020,1
10070,50020,0
10071,50020,0
10072,50020,0
10073,50020,0
10074,50020,0
10075,50020,0
10076,50020,0
10077,50020,0
10078,50020,0
10079,50020,0
10080,50020,0
10081,50020,0
10082,50020,0
10083,50020,0
10084,50020,0
10085,50020,0
10086,50020,0
10087,50020,0
10088,50020,0
10089,50020,0
10090,50020,0
10091,50020,0
10092,50020,0
10093,50020,0
10094,50020,0
10095,50020,0
10096,50020,0
10097,50020,0
10098,50020,0
10099,50020,0
10100,50020,1
10101,50020,1
10102,50020,0
10103,50020,1
10104,50020,0
10105,50020,0
10106,50020,0
10107,50020,0
10108,50020,0
10109,50020,0
10110,50020,0
10111,50020,0
10112,50020,0
10113,50020,0
10114,50020,0
10115,50020,0
10116,50020,1
10117,50020,0
10118,50020,1
10119,50020,0
10120,50020,0
10121,50020,0
10122,50020,0
10123,50020,0
10124,50020,0
10125,50020,0
10126,50020,0
10127,50020,0
10128,50020,0
10129,50020,0
10130,50020,0
10131,50020,0
10132,50020,0
10133,50020,0
10134,50020,0
10135,50020,1
10136,50020,0
10137,50020,0
10138,50020,0
10139,50020,0
10140,50020,0
10141,50020,0
10142,50020,0
10143,50020,1
10144,50020,0
10145,50020,1
10146,50020,1
10147,50020,0
10148,50020,1
10149,50020,1
10150,50020,0
10151,50020,0
10152,50020,0
10153,50020,0
10154,50020,0
10155,50020,0
10156,50020,0
10157,50020,0
10158,50020,0
10159,50020,0
10160,50020,0
10161,50020,0
10162,50020,0
10163,50020,0
10164,50020,0
10165,50020,0
10166,50020,0
10167,50020,0
10168,50020,0
10169,50020,0
10170,50020,0
10171,50020,0
10172,50020,0
10173,50020,0
10174,50020,0
10175,50020,0
10176,50020,0
10177,50020,0
10178,50020,0
10179,50020,1
10180,50020,1
10181,50020,1
10182,50020,1
10183,50020,1
10184,50020,0
10185,50020,0
10186,50020,0
10187,50020,0
10188,50020,0
10189,50020,0
10190,50020,1
10191,50020,0
10192,50020,0
10193,50020,0
10194,50020,0
10195,50020,0
10196,50020,0
10001,50021,0
10002,50021,0
10003,50021,0
10004,50021,0
10005,50021,0
10006,50021,0
10007,50021,0
10008,50021,0
10009,50021,0
10010,50021,0
10011,50021,0
10012,50021,0
10013,50021,0
10014,50021,0
10015,50021,0
10016,50021,0
10017,50021,0
10018,50021,0
10019,50021,0
10020,50021,0
10021,50021,0
10022,50021,0
10023,50021,0
10024,50021,0
10025,50021,0
10026,50021,0
10027,50021,0
10028,50021,0
10029,50021,0
10030,50021,0
10031,50021,0
10032,50021,0
10033,50021,0
10034,50021,0
10035,50021,0
10036,50021,0
10037,50021,0
10038,50021,0
10039,50021,0
10040,50021,0
10041,50021,0
10042,50021,0
10043,50021,0
10044,50021,0
10045,50021,0
10046,50021,0
10047,50021,0
10048,50021,0
10049,50021,0
10050,50021,0
10051,50021,0
10052,50021,0
10053,50021,0
10054,50021,0
10055,50021,0
10056,50021,0
10057,50021,0
10058,50021,0
10059,50021,0
10060,50021,0
10061,50021,0
10062,50021,0
10063,50021,0
10064,50021,0
10065,50021,0
10066,50021,0
10067,50021,0
10068,50021,0
10069,50021,0
10070,50021,0
10071,50021,0
10072,50021,0
10073,50021,0
10074,50021,0
10075,50021,0
10076,50021,0
10077,50021,0
10078,50021,0
10079,50021,0
10080,50021,0
10081,50021,0
10082,50021,0
10083,50021,0
10084,50021,0
10085,50021,0
10086,50021,0
10087,50021,0
10088,50021,0
10089,50021,0
10090,50021,0
10091,50021,0
10092,50021,0
10093,50021,0
10094,50021,0
10095,50021,0
10096,50021,0
10097,50021,0
10098,50021,0
10099,50021,0
10100,50021,0
10101,50021,0
10102,50021,0
10103,50021,0
10104,50021,0
10105,50021,0
10106,50021,0
10107,50021,0
10108,50021,0
10109,50021,0
10110,50021,0
10111,50021,0
10112,50021,0
10113,50021,0
10114,50021,0
10115,50021,0
10116,50021,0
10117,50021,0
10118,50021,0
10119,50021,0
10120,50021,0
10121,50021,0
10122,50021,0
10123,50021,0
10124,50021,0
10125,50021,0
10126,50021,0
10127,50021,0
10128,50021,0
10129,50021,0
10130,50021,0
10131,50021,0
10132,50021,0
10133,50021,0
10134,50021,0
10135,50021,0
10136,50021,0
10137,50021,0
10138,50021,0
10139,50021,0
10140,50021,0
10141,50021,0
10142,50021,0
10143,50021,0
10144,50021,0
10145,50021,0
10146,50021,0
10147,50021,0
10148,50021,0
10149,50021,0
10150,50021,0
10151,50021,0
10152,50021,0
10153,50021,0
10154,50021,0
10155,50021,0
10156,50021,0
10157,50021,0
10158,50021,0
10159,50021,0
10160,50021,0
10161,50021,0
10162,50021,0
10163,50021,0
10164,50021,0
10165,50021,0
10166,50021,0
10167,50021,0
10168,50021,0
10169,50021,0
10170,50021,0
10171,50021,0
10172,50021,0
10173,50021,0
10174,50021,0
10175,50021,0
10176,50021,0
10177,50021,0
10178,50021,0
10179,50021,0
10180,50021,0
10181,50021,0
10182,50021,0
10183,50021,0
10184,50021,0
10185,50021,0
10186,50021,0
10187,50021,0
10188,50021,0
10189,50021,0
10190,50021,0
10191,50021,0
10192,50021,0
10193,50021,0
10194,50021,0
10195,50021,0
10196,50021,0
10001,50022,0
10002,50022,0
10003,50022,1
10004,50022,1
10005,50022,1
10006,50022,1
10007,50022,1
10008,50022,1
10009,50022,0
10010,50022,1
10011,50022,1
10012,50022,1
10013,50022,1
10014,50022,0
10015,50022,0
10016,50022,1
10017,50022,1
10018,50022,1
10019,50022,1
10020,50022,1
10021,50022,1
10022,50022,1
10023,50022,1
10024,50022,1
10025,50022,1
10026,50022,0
10027,50022,1
10028,50022,1
10029,50022,1
10030,50022,1
10031,50022,1
10032,50022,1
10033,50022,1
10034,50022,1
10035,50022,1
10036,50022,1
10037,50022,1
10038,50022,1
10039,50022,1
10040,50022,1
10041,50022,1
10042,50022,1
10043,50022,1
10044,50022,1
10045,50022,1
10046,50022,0
10047,50022,1
10048,50022,1
10049,50022,1
10050,50022,1
10051,50022,1
10052,50022,1
10053,50022,1
10054,50022,1
10055,50022,0
10056,50022,0
10057,50022,1
10058,50022,0
10059,50022,0
10060,50022,1
10061,50022,1
10062,50022,0
10063,50022,1
10064,50022,1
10065,50022,1
10066,50022,1
10067,50022,1
10068,50022,0
10069,50022,1
10070,50022,1
10071,50022,1
10072,50022,0
10073,50022,1
10074,50022,1
10075,50022,1
10076,50022,1
10077,50022,1
10078,50022,1
10079,50022,1
10080,50022,1
10081,50022,1
10082,50022,1
10083,50022,1
10084,50022,1
10085,50022,1
10086,50022,1
10087,50022,1
10088,50022,1
10089,50022,1
10090,50022,1
10091,50022,1
10092,50022,1
10093,50022,1
10094,50022,1
10095,50022,1
10096,50022,1
10097,50022,1
10098,50022,0
10099,50022,1
10100,50022,1
10101,50022,0
10102,50022,0
10103,50022,0
10104,50022,1
10105,50022,1
10106,50022,1
10107,50022,1
10108,50022,1
10109,50022,1
10110,50022,1
10111,50022,1
10112,50022,1
10113,50022,1
10114,50022,1
10115,50022,1
10116,50022,1
10117,50022,1
10118,50022,1
10119,50022,1
10120,50022,0
10121,50022,1
10122,50022,1
10123,50022,1
10124,50022,1
10125,50022,1
10126,50022,1
10127,50022,1
10128,50022,1
10129,50022,1
10130,50022,1
10131,50022,1
10132,50022,1
10133,50022,1
10134,50022,1
10135,50022,1
10136,50022,1
10137,50022,1
10138,50022,1
10139,50022,1
10140,50022,1
10141,50022,1
10142,50022,0
10143,50022,0
10144,50022,0
10145,50022,0
10146,50022,1
10147,50022,1
10148,50022,1
10149,50022,0
10150,50022,1
10151,50022,0
10152,50022,1
10153,50022,0
10154,50022,1
10155,50022,1
10156,50022,1
10157,50022,0
10158,50022,1
10159,50022,1
10160,50022,1
10161,50022,1
10162,50022,1
10163,50022,1
10164,50022,0
10165,50022,1
10166,50022,0
10167,50022,1
10168,50022,0
10169,50022,1
10170,50022,1
10171,50022,0
10172,50022,1
10173,50022,1
10174,50022,1
10175,50022,1
10176,50022,0
10177,50022,1
10178,50022,1
10179,50022,0
10180,50022,0
10181,50022,0
10182,50022,0
10183,50022,0
10184,50022,1
10185,50022,0
10186,50022,1
10187,50022,1
10188,50022,1
10189,50022,1
10190,50022,1
10191,50022,1
10192,50022,1
10193,50022,1
10194,50022,1
10195,50022,1
10196,50022,0
10001,50023,0
10002,50023,0
10003,50023,0
10004,50023,0
10005,50023,0
10006,50023,0
10007,50023,2
10008,50023,0
10009,50023,0
10010,50023,1
10011,50023,0
10012,50023,0
10013,50023,4
10014,50023,0
10015,50023,0
10016,50023,0
10017,50023,0
10018,50023,0
10019,50023,0
10020,50023,0
10021,50023,1
10022,50023,0
10023,50023,0
10024,50023,4
10025,50023,0
10026,50023,0
10027,50023,0
10028,50023,0
10029,50023,0
10030,50023,0
10031,50023,0
10032,50023,0
10033,50023,0
10034,50023,0
10035,50023,0
10036,50023,0
10037,50023,0
10038,50023,0
10039,50023,0
10040,50023,0
10041,50023,0
10042,50023,0
10043,50023,0
10044,50023,3
10045,50023,0
10046,50023,0
10047,50023,1
10048,50023,0
10049,50023,0
10050,50023,0
10051,50023,0
10052,50023,0
10053,50023,0
10054,50023,0
10055,50023,0
10056,50023,0
10057,50023,0
10058,50023,0
10059,50023,0
10060,50023,5
10061,50023,5
10062,50023,0
10063,50023,1
10064,50023,0
10065,50023,0
10066,50023,0
10067,50023,8
10068,50023,0
10069,50023,0
10070,50023,6
10071,50023,0
10072,50023,0
10073,50023,0
10074,50023,0
10075,50023,0
10076,50023,0
10077,50023,0
10078,50023,7
10079,50023,3
10080,50023,0
10081,50023,0
10082,50023,0
10083,50023,0
10084,50023,0
10085,50023,0
10086,50023,7
10087,50023,0
10088,50023,6
10089,50023,0
10090,50023,4
10091,50023,0
10092,50023,0
10093,50023,0
10094,50023,1
10095,50023,2
10096,50023,14
10097,50023,0
10098,50023,0
10099,50023,0
10100,50023,0
10101,50023,0
10102,50023,0
10103,50023,0
10104,50023,0
10105,50023,0
10106,50023,0
10107,50023,0
10108,50023,0
10109,50023,2
10110,50023,52
10111,50023,0
10112,50023,0
10113,50023,0
10114,50023,0
10115,50023,0
10116,50023,0
10117,50023,8
10118,50023,0
10119,50023,0
10120,50023,0
10121,50023,4
10122,50023,0
10123,50023,0
10124,50023,1
10125,50023,11
10126,50023,0
10127,50023,0
10128,50023,2
10129,50023,12
10130,50023,1
10131,50023,0
10132,50023,0
10133,50023,2
10134,50023,0
10135,50023,0
10136,50023,0
10137,50023,0
10138,50023,0
10139,50023,0
10140,50023,1
10141,50023,1
10142,50023,0
10143,50023,0
10144,50023,0
10145,50023,0
10146,50023,0
10147,50023,0
10148,50023,0
10149,50023,0
10150,50023,0
10151,50023,0
10152,50023,0
10153,50023,0
10154,50023,0
10155,50023,0
10156,50023,9
10157,50023,0
10158,50023,13
10159,50023,1
10160,50023,0
10161,50023,4
10162,50023,0
10163,50023,0
10164,50023,0
10165,50023,0
10166,50023,0
10167,50023,0
10168,50023,0
10169,50023,0
10170,50023,0
10171,50023,0
10172,50023,0
10173,50023,0
10174,50023,0
10175,50023,0
10176,50023,0
10177,50023,0
10178,50023,0
10179,50023,0
10180,50023,0
10181,50023,0
10182,50023,0
10183,50023,0
10184,50023,0
10185,50023,0
10186,50023,0
10187,50023,1
10188,50023,55
10189,50023,0
10190,50023,0
10191,50023,1
10192,50023,9
10193,50023,0
10194,50023,0
10195,50023,0
10196,50023,0
10001,50024,0
10002,50024,0
10003,50024,0
10004,50024,5
10005,50024,2
10006,50024,0
10007,50024,4
10008,50024,0
10009,50024,0
10010,50024,1
10011,50024,0
10012,50024,0
10013,50024,5
10014,50024,0
10015,50024,0
10016,50024,1
10017,50024,14
10018,50024,2
10019,50024,1
10020,50024,0
10021,50024,0
10022,50024,0
10023,50024,0
10024,50024,4
10025,50024,0
10026,50024,0
10027,50024,0
10028,50024,0
10029,50024,1
10030,50024,0
10031,50024,0
10032,50024,0
10033,50024,1
10034,50024,0
10035,50024,0
10036,50024,0
10037,50024,0
10038,50024,0
10039,50024,0
10040,50024,0
10041,50024,0
10042,50024,2
10043,50024,0
10044,50024,0
10045,50024,1
10046,50024,0
10047,50024,2
10048,50024,0
10049,50024,0
10050,50024,2
10051,50024,0
10052,50024,0
10053,50024,0
10054,50024,0
10055,50024,0
10056,50024,0
10057,50024,0
10058,50024,0
10059,50024,0
10060,50024,2
10061,50024,10
10062,50024,0
10063,50024,4
10064,50024,0
10065,50024,0
10066,50024,0
10067,50024,8
10068,50024,0
10069,50024,0
10070,50024,0
10071,50024,1
10072,50024,0
10073,50024,0
10074,50024,29
10075,50024,0
10076,50024,0
10077,50024,0
10078,50024,6
10079,50024,7
10080,50024,1
10081,50024,0
10082,50024,0
10083,50024,0
10084,50024,0
10085,50024,2
10086,50024,2
10087,50024,0
10088,50024,13
10089,50024,0
10090,50024,3
10091,50024,0
10092,50024,0
10093,50024,0
10094,50024,0
10095,50024,0
10096,50024,5
10097,50024,0
10098,50024,0
10099,50024,0
10100,50024,0
10101,50024,0
10102,50024,0
10103,50024,0
10104,50024,1
10105,50024,4
10106,50024,3
10107,50024,2
10108,50024,3
10109,50024,0
10110,50024,0
10111,50024,0
10112,50024,0
10113,50024,0
10114,50024,0
10115,50024,0
10116,50024,0
10117,50024,13
10118,50024,0
10119,50024,0
10120,50024,0
10121,50024,1
10122,50024,0
10123,50024,4
10124,50024,4
10125,50024,14
10126,50024,3
10127,50024,0
10128,50024,0
10129,50024,10
10130,50024,1
10131,50024,0
10132,50024,0
10133,50024,1
10134,50024,1
10135,50024,0
10136,50024,0
10137,50024,0
10138,50024,0
10139,50024,10
10140,50024,1
10141,50024,2
10142,50024,0
10143,50024,0
10144,50024,0
10145,50024,0
10146,50024,0
10147,50024,0
10148,50024,0
10149,50024,0
10150,50024,0
10151,50024,0
10152,50024,0
10153,50024,0
10154,50024,0
10155,50024,2
10156,50024,0
10157,50024,0
10158,50024,3
10159,50024,0
10160,50024,0
10161,50024,1
10162,50024,1
10163,50024,0
10164,50024,0
10165,50024,0
10166,50024,0
10167,50024,0
10168,50024,0
10169,50024,0
10170,50024,0
10171,50024,0
10172,50024,0
10173,50024,4
10174,50024,0
10175,50024,2
10176,50024,0
10177,50024,0
10178,50024,0
10179,50024,0
10180,50024,0
10181,50024,0
10182,50024,0
10183,50024,0
10184,50024,0
10185,50024,0
10186,50024,0
10187,50024,0
10188,50024,12
10189,50024,0
10190,50024,0
10191,50024,0
10192,50024,6
10193,50024,0
10194,50024,3
10195,50024,0
10196,50024,0
10001,50025,0
10002,50025,0
10003,50025,0
10004,50025,0
10005,50025,0
10006,50025,0
10007,50025,0
10008,50025,0
10009,50025,0
10010,50025,0
10011,50025,0
10012,50025,0
10013,50025,0
10014,50025,0
10015,50025,0
10016,50025,0
10017,50025,0
10018,50025,0
10019,50025,0
10020,50025,0
10021,50025,0
10022,50025,0
10023,50025,0
10024,50025,0
10025,50025,0
10026,50025,0
10027,50025,0
10028,50025,0
10029,50025,0
10030,50025,0
10031,50025,0
10032,50025,0
10033,50025,0
10034,50025,0
10035,50025,0
10036,50025,0
10037,50025,0
10038,50025,0
10039,50025,0
10040,50025,0
10041,50025,0
10042,50025,0
10043,50025,0
10044,50025,0
10045,50025,0
10046,50025,0
10047,50025,0
10048,50025,0
10049,50025,0
10050,50025,0
10051,50025,0
10052,50025,0
10053,50025,0
10054,50025,0
10055,50025,0
10056,50025,0
10057,50025,0
10058,50025,0
10059,50025,0
10060,50025,0
10061,50025,0
10062,50025,0
10063,50025,0
10064,50025,0
10065,50025,0
10066,50025,0
10067,50025,0
10068,50025,0
10069,50025,0
10070,50025,0
10071,50025,0
10072,50025,0
10073,50025,0
10074,50025,0
10075,50025,0
10076,50025,0
10077,50025,0
10078,50025,0
10079,50025,0
10080,50025,0
10081,50025,0
10082,50025,0
10083,50025,0
10084,50025,0
10085,50025,0
10086,50025,0
10087,50025,0
10088,50025,0
10089,50025,0
10090,50025,0
10091,50025,0
10092,50025,0
10093,50025,0
10094,50025,0
10095,50025,0
10096,50025,0
10097,50025,0
10098,50025,0
10099,50025,0
10100,50025,0
10101,50025,0
10102,50025,0
10103,50025,0
10104,50025,0
10105,50025,0
10106,50025,0
10107,50025,0
10108,50025,0
10109,50025,0
10110,50025,0
10111,50025,0
10112,50025,0
10113,50025,0
10114,50025,0
10115,50025,0
10116,50025,0
10117,50025,0
10118,50025,1
10119,50025,0
10120,50025,0
10121,50025,0
10122,50025,0
10123,50025,0
10124,50025,0
10125,50025,0
10126,50025,0
10127,50025,0
10128,50025,0
10129,50025,0
10130,50025,0
10131,50025,0
10132,50025,0
10133,50025,0
10134,50025,0
10135,50025,0
10136,50025,0
10137,50025,0
10138,50025,0
10139,50025,0
10140,50025,0
10141,50025,0
10142,50025,0
10143,50025,0
10144,50025,0
10145,50025,0
10146,50025,0
10147,50025,0
10148,50025,0
10149,50025,0
10150,50025,0
10151,50025,0
10152,50025,0
10153,50025,0
10154,50025,0
10155,50025,0
10156,50025,0
10157,50025,0
10158,50025,0
10159,50025,0
10160,50025,0
10161,50025,0
10162,50025,0
10163,50025,0
10164,50025,0
10165,50025,0
10166,50025,0
10167,50025,0
10168,50025,0
10169,50025,0
10170,50025,0
10171,50025,0
10172,50025,0
10173,50025,0
10174,50025,0
10175,50025,0
10176,50025,0
10177,50025,0
10178,50025,0
10179,50025,0
10180,50025,2
10181,50025,0
10182,50025,0
10183,50025,0
10184,50025,0
10185,50025,0
10186,50025,0
10187,50025,0
10188,50025,0
10189,50025,0
10190,50025,0
10191,50025,0
10192,50025,0
10193,50025,0
10194,50025,0
10195,50025,0
10196,50025,0
10001,50026,0
10002,50026,0
10003,50026,0
10004,50026,31
10005,50026,7
10006,50026,0
10007,50026,3
10008,50026,1
10009,50026,0
10010,50026,0
10011,50026,1
10012,50026,0
10013,50026,1
10014,50026,0
10015,50026,0
10016,50026,1
10017,50026,19
10018,50026,0
10019,50026,1
10020,50026,0
10021,50026,1
10022,50026,14
10023,50026,4
10024,50026,0
10025,50026,9
10026,50026,0
10027,50026,0
10028,50026,0
10029,50026,1
10030,50026,0
10031,50026,1
10032,50026,0
10033,50026,14
10034,50026,1
10035,50026,2
10036,50026,1
10037,50026,0
10038,50026,0
10039,50026,0
10040,50026,0
10041,50026,5
10042,50026,3
10043,50026,0
10044,50026,1
10045,50026,2
10046,50026,0
10047,50026,9
10048,50026,6
10049,50026,1
10050,50026,9
10051,50026,2
10052,50026,0
10053,50026,0
10054,50026,0
10055,50026,0
10056,50026,0
10057,50026,0
10058,50026,0
10059,50026,0
10060,50026,1
10061,50026,38
10062,50026,0
10063,50026,11
10064,50026,0
10065,50026,0
10066,50026,0
10067,50026,7
10068,50026,0
10069,50026,0
10070,50026,21
10071,50026,9
10072,50026,0
10073,50026,0
10074,50026,133
10075,50026,0
10076,50026,0
10077,50026,0
10078,50026,7
10079,50026,2
10080,50026,1
10081,50026,4
10082,50026,0
10083,50026,6
10084,50026,12
10085,50026,5
10086,50026,10
10087,50026,0
10088,50026,36
10089,50026,0
10090,50026,35
10091,50026,0
10092,50026,5
10093,50026,10
10094,50026,0
10095,50026,0
10096,50026,20
10097,50026,0
10098,50026,0
10099,50026,11
10100,50026,0
10101,50026,0
10102,50026,0
10103,50026,0
10104,50026,0
10105,50026,0
10106,50026,9
10107,50026,0
10108,50026,26
10109,50026,2
10110,50026,21
10111,50026,0
10112,50026,14
10113,50026,2
10114,50026,2
10115,50026,0
10116,50026,0
10117,50026,7
10118,50026,0
10119,50026,0
10120,50026,0
10121,50026,1
10122,50026,0
10123,50026,4
10124,50026,3
10125,50026,21
10126,50026,6
10127,50026,0
10128,50026,0
10129,50026,19
10130,50026,0
10131,50026,0
10132,50026,2
10133,50026,3
10134,50026,21
10135,50026,6
10136,50026,5
10137,50026,0
10138,50026,0
10139,50026,3
10140,50026,5
10141,50026,5
10142,50026,0
10143,50026,0
10144,50026,0
10145,50026,0
10146,50026,0
10147,50026,0
10148,50026,0
10149,50026,0
10150,50026,0
10151,50026,0
10152,50026,0
10153,50026,0
10154,50026,0
10155,50026,2
10156,50026,7
10157,50026,0
10158,50026,7
10159,50026,0
10160,50026,0
10161,50026,48
10162,50026,5
10163,50026,0
10164,50026,0
10165,50026,0
10166,50026,0
10167,50026,0
10168,50026,0
10169,50026,0
10170,50026,0
10171,50026,0
10172,50026,1
10173,50026,34
10174,50026,0
10175,50026,6
10176,50026,0
10177,50026,2
10178,50026,12
10179,50026,0
10180,50026,0
10181,50026,0
10182,50026,0
10183,50026,0
10184,50026,1
10185,50026,0
10186,50026,2
10187,50026,6
10188,50026,18
10189,50026,0
10190,50026,0
10191,50026,2
10192,50026,26
10193,50026,0
10194,50026,39
10195,50026,0
10196,50026,0
